6667555929,2020/06,Louetta Hessel
4851448459,2021/05,Cortez Kozey
6552139749,2020/09,Craig Walter
3662633042,2020/03,Stan Spinka
5666510376,2021/05,Pres. John Torphy
7575855285,2020/02,Warren Kuhn
8656500619,2020/05,Mandie Ullrich DC
3420105135,2020/04,Robt Johnston
5201271281,2021/02,Veronika McCullough
2681792643,2020/02,Rosaura Gerlach
3667143372,2020/04,Jamaal McCullough
9934072013,2020/08,Tennie Berge
8844609216,2020/12,Marlys Kerluke Ret.
8253885376,2021/03,Andrea Auer
8646831167,2020/10,Taina Pollich III
4260501485,2021/09,Carmina Herman
5938138609,2021/04,Celinda McDermott
3812811642,2021/09,Laine Hintz DO
8567402676,2021/08,Wade Ebert
7063548572,2021/07,James Parisian PhD
8365067128,2021/06,Eliseo Bailey
9992733301,2021/01,German Hirthe
3550200677,2021/07,Maxwell Mayer
2493514798,2020/07,Antoinette White VM
1740648732,2021/08,Larry Vandervort Esq.
7869736318,2020/04,Ms. Terrell Weber
4572426669,2020/06,Graig Rath VM
9117020767,2021/09,Jayna Brekke
5591006743,2020/05,Normand Hoppe
8190655682,2020/04,Gov. Valerie Kris
